author,url,title,snippet,query
Jokaminsky,https://www.linkedin.com/posts/jokaminsky_theres-one-thing-all-these-ai-content-workflow-activity-7468665880936165377-qh98,Jo Kaminska's Post,There's one thing all these AI content workflow tool still won't give you: real SEO strategy. And that's why folks are hiring good SEO & AEO ...,"site:linkedin.com/posts ""AI content workflow"" SEO"
Markseo,https://www.linkedin.com/posts/markseo_seo-activity-7299775769143066624-o1ya,Beware of AI SEO strategies that sound too good to be true.,"Unsolicited #SEO tip: Unless your ""AI content workflow"" is being fed new information; such as a human creating something, or it's piped into ...","site:linkedin.com/posts ""AI content workflow"" SEO"
Mediajct,https://www.linkedin.com/posts/mediajct_ai-for-seo-content-a-step-by-step-workflow-activity-7414338733325377536-vI0t,AI Content Workflow: Research to Optimization,AI Content Workflow: Research to Optimization · More Relevant Posts · Explore related topics · Explore content categories.,"site:linkedin.com/posts ""AI content workflow"" SEO"
Noel Ceta,https://www.linkedin.com/posts/noel-ceta_i-tested-every-ai-content-workflow-across-activity-7462502513590685696-3Dvd,AI Content Workflow for Top 3 Rankings on SEO Sites,I tested every AI content workflow across 5 SEO sites over 6 months. Only ONE approach consistently hit top 3 rankings.,"site:linkedin.com/posts ""AI content workflow"" SEO"
Mattdiggityseo,https://www.linkedin.com/posts/mattdiggityseo_heres-the-exact-ai-content-strategy-i-use-activity-7317831822791352323-joBx,Matt Diggity - How to rank with AI content in 2025,2) AI Content Workflow (the right way) • Don't write and publish raw AI. You'll get nuked. • Use AI for draft generation and outline speed. • ...,"site:linkedin.com/posts ""AI content workflow"" SEO"
Leadsagna,https://www.linkedin.com/posts/leadsagna_contentstrategy-seo-aicontent-activity-7460604255109025793-zAwM,Structured AI Content Workflow for Consistent Rankings,... AI content workflow changes that equation. Here's what a high-performance pipeline actually looks like: 1️⃣ Keyword Research → Identifies ...,"site:linkedin.com/posts ""AI content workflow"" SEO"
Vinay Kumar Seo,https://www.linkedin.com/posts/vinay-kumar-seo_ai-content-can-rank-your-site-1-but-only-activity-7399670600862183424-w1io,Vinay Kumar - AI content can rank your site #1!,AI content can rank your site #1! But only if you know when to use it And when to step back. In my 15 years of SEO ... AI content workflow. # ...,"site:linkedin.com/posts ""AI content workflow"" SEO"
Pranay Mishra Rankfast,https://www.linkedin.com/posts/pranay-mishra-rankfast_unsolicited-seo-tip-if-your-ai-content-activity-7300103494135386112-fv2y,Pranay Mishra's Post - Unsolicited SEO tip,"Unsolicited SEO tip: If your ""AI content workflow"" isn't updated with new information from a person or a special data source, you may end up regretting your ...","site:linkedin.com/posts ""AI content workflow"" SEO"
Ipanic,https://www.linkedin.com/posts/ipanic_experiment-1-building-an-ai-content-workflow-activity-7399355362082041856-AHx-,Ivica Panic - Building an AI Content Workflow,EXPERIMENT #1: Building an AI Content Workflow HYPOTHESIS: I can reduce content creation from 10 hours to 2 hours per week using AI + automation ...,"site:linkedin.com/posts ""AI content workflow"" SEO"
Jenrobson,https://www.linkedin.com/posts/jenrobson_we-built-our-ai-content-workflow-as-a-series-activity-7465282967339204608-dSfo,AI-assisted content workflow boosts productivity and quality,We built our AI content workflow as a series of interactive review panels. Sections expand. Edits happen inline. Notes attach to specific ...,"site:linkedin.com/posts ""AI content workflow"" SEO"
Moz,https://www.linkedin.com/posts/moz_the-internet-is-already-covered-with-the-activity-7406695361488146433-AuH-,Combat Generic AI Content with SEO-Driven Briefs,We built the AI Content Brief to combat generic LLM outputs by using Moz's proprietary keyword data and real SERP insights as the core ...,"site:linkedin.com/posts ""AI content brief"" SEO"
Tarasundaram,https://www.linkedin.com/posts/tarasundaram_free-ai-content-brief-generator-for-fast-activity-7363442203404255233-DPqZ,Free AI Content Brief Generator for Fast SEO-Ready Outlines,"So, you've got a blog title, target audience, primary SEO keyword, content goal and desired word count ... Free AI Content Brief Generator for Fast SEO-Ready ...","site:linkedin.com/posts ""AI content brief"" SEO"
Kai Cromwell,https://www.linkedin.com/posts/kai-cromwell_we-use-ai-to-create-content-but-we-also-activity-7383931702856880128-TcII,We use AI to create content. | Kai Cromwell (eCommerce ...,"Introducing AI Content Brief: Our Data, Your Creativity moz.com · Like Comment. Share.","site:linkedin.com/posts ""AI content brief"" SEO"
Anatolii Ulitovskyi,https://www.linkedin.com/posts/anatolii-ulitovskyi_all-seo-tools-launched-own-content-editors-activity-7390104032364634112-y76_,SEO tools launched own content editors. | Anatolii Ulitovskyi,"All SEO tools launched own content editors. Moz released AI content brief. Looks like all SEO tools Semrush, Ahrefs, SE Ranking, Serpstat ...","site:linkedin.com/posts ""AI content brief"" SEO"
Moz,https://www.linkedin.com/posts/moz_youre-a-great-writer-but-are-you-starting-activity-7391221794181099522-FeEn,Introducing Moz Pro AI Content Brief: Boost Your Writing with ...,"... AI Content Brief tool, a feature designed to blend the best of Moz's reliable data with AI's ability to create natural-language summaries. The AI Content Brief ...","site:linkedin.com/posts ""AI content brief"" SEO"
Billgaule,https://www.linkedin.com/posts/billgaule_how-i-speed-up-research-time-in-seo-cut-activity-7383833999728652288--2SJ,How I speed up research time in SEO | Bill Gaule,"Introducing AI Content Brief: Our Data, Your Creativity moz.com · 21 1 Comment · Like ...","site:linkedin.com/posts ""AI content brief"" SEO"
Mitamandawker,https://www.linkedin.com/posts/mitamandawker_if-you-are-still-figuring-out-ai-searchaeo-activity-7397121551269216256-E8bd,How AI search is changing lead generation,"That's why I'm excited about Moz's new AI Content Brief tool that ... While SEO is most likely here to stay, Google Search is now ...","site:linkedin.com/posts ""AI content brief"" SEO"
Juliangoldieseo,https://www.linkedin.com/posts/juliangoldieseo_seohacks-aicontent-notebooklm-activity-7406797543981928448-jBoM,AI SEO Hacks: NotebookLM & Gemini for Better Rankings,We built the AI Content Brief to combat generic LLM outputs by using Moz's proprietary keyword data and real SERP insights as the core ...,"site:linkedin.com/posts ""AI content brief"" SEO"
Edward Ntitima,https://www.linkedin.com/posts/edward-ntitima-007361192_aicontent-contentmarketing-seotips-activity-7388116075198009344-KmuS,How to use AI for SEO content without losing creativity,... SEO content: 1. Use ChatGPT to analyse your competitors' top ... AI Content Brief. Here's what makes it stand out: • It combines real ...,"site:linkedin.com/posts ""AI content brief"" SEO"
Travistallent,https://www.linkedin.com/posts/travistallent_about-a-year-ago-i-came-out-of-a-meeting-activity-7457425125039083520-CWIv,Avoid Duplicate AI Projects in Large Companies,"He had built his own AI content brief generator with different sources, different methodology, and different outputs. ... How AI SEO is different ...","site:linkedin.com/posts ""AI content brief"" SEO"
Olafkopp,https://www.linkedin.com/posts/olafkopp_my-understanding-of-generative-engine-activity-7363785606428016640-zemS,🔥✌️My understanding of Generative Engine Optimization ...,My understanding of Generative Engine Optimization (GEO) vs. SEO I find the many discussions on the subject of naming a bit excessive.,"site:linkedin.com/posts ""GEO"" ""generative engine optimization"""
Marktraphagen,https://www.linkedin.com/posts/marktraphagen_heres-your-complete-guide-to-shifting-your-activity-7356412272858079235-o3_m,How to Transition to Generative Engine Optimization (GEO),It's about being cited in AI-generated answers. That's where Generative Engine Optimization (GEO) comes in. Here's how to optimize for AI ...,"site:linkedin.com/posts ""GEO"" ""generative engine optimization"""
Samanyougarg,https://www.linkedin.com/posts/samanyougarg_introducing-%F0%9D%97%9A%F0%9D%97%B2%F0%9D%97%BB%F0%9D%97%B2%F0%9D%97%BF%F0%9D%97%AE%F0%9D%98%81%F0%9D%97%B6%F0%9D%98%83%F0%9D%97%B2-%F0%9D%97%98%F0%9D%97%BB%F0%9D%97%B4%F0%9D%97%B6-activity-7330219302513508352-5p-d,AI Visibility Platform | Samanyou Garg posted on the topic,Introducing Generative Engine Optimization (GEO) - one of the first AI platforms that tracks your brand's visibility on AI search engines ...,"site:linkedin.com/posts ""GEO"" ""generative engine optimization"""
Ari Auerbach,https://www.linkedin.com/posts/ari-auerbach_what-is-generative-engine-optimization-geo-activity-7396614026266435585-4B69,How GEO and AEO are changing SEO for marketers,We're entering the era of Generative Engine Optimization (GEO) and Answer Engine Optimization (AEO). ... --- What Is GEO (Generative Engine ...,"site:linkedin.com/posts ""GEO"" ""generative engine optimization"""
Landwehr,https://www.linkedin.com/posts/landwehr_how-to-win-in-generative-engine-optimization-activity-7356341011050024961-XMR6,How To Win In Generative Engine Optimization (GEO),How To Win In Generative Engine Optimization (GEO) In this guide I dive into: • Influencing Foundational Models vs Optimizing For ...,"site:linkedin.com/posts ""GEO"" ""generative engine optimization"""
Trishlennonnicolas,https://www.linkedin.com/posts/trishlennonnicolas_the-rise-of-geo-generative-engine-optimization-activity-7329910629920579587-gnOJ,"GEO rises, SEO falls as earned media gains credibility",The rise of GEO (generative engine optimization) - largely fed by earned media - and the rapid decline of SEO is a major trend already in full ...,"site:linkedin.com/posts ""GEO"" ""generative engine optimization"""
Lmckenzie16,https://www.linkedin.com/posts/lmckenzie16_im-seeing-more-people-pushing-geo-generative-activity-7339277992247930882-HRsO,Why SEO should not become GEO,Our new article dives into the emerging concept of Generative Engine Optimization (GEO) and explores how custom AI agents can enhance your ...,"site:linkedin.com/posts ""GEO"" ""generative engine optimization"""
V1mattball,https://www.linkedin.com/posts/v1mattball_hey-geo-people-have-you-noticed-the-insidious-activity-7445535396924624896-KSPr,Stop SEO Industry's Misuse of 'GEO' for Generative Engine ...,"They're trying to claim GEO for Generative Engine Optimization. Geo means relating to the earth, the ground beneath everything we do. It ...","site:linkedin.com/posts ""GEO"" ""generative engine optimization"""
Patilinet,https://www.linkedin.com/posts/patilinet_geo-generative-engine-optimization-activity-7467863900227604480-EbZd,GEO: Generative Engine Optimization | Sorin Patilinet 📙,"Princeton GEO paper — Aggarwal et al., https://lnkd.in/eEdMDgNE · GEO: Generative Engine Optimization arxiv.org.","site:linkedin.com/posts ""GEO"" ""generative engine optimization"""
Nickfromseattle,https://www.linkedin.com/posts/nickfromseattle_everything-i-know-about-optimizing-for-geo-activity-7371193834212315137-8PCp,How to Optimize for GEO: 20 Tips for AI-Ready Content,Everything I know about optimizing for GEO (Generative Engine Optimization). (Save this - we've used it to get clients dominating AI Mode ...,"site:linkedin.com/posts ""GEO"" ""generative engine optimization"""
Heatherphysioc,https://www.linkedin.com/posts/heatherphysioc_report-search-trends-for-the-rest-of-2025-activity-7386051575137558528-74pV,How AI is transforming search and SEO in 2025,Growth‑Driven AI SEO Strategist to get Leads and Scale Fast. 7mo ... 2025 that content creators must know?” If you're creating content ...,"site:linkedin.com/posts ""AI SEO"" content 2025"
Kashmala Malik,https://www.linkedin.com/posts/kashmala-malik_the-ultimate-ai-seo-stack-2025-edition-activity-7330507074751127554-VxN_,The Ultimate AI SEO Stack (2025 Edition) | Kashmala M.,The 2025 Guide to AI SEO: Top 5 Steps to Win in AI ... Definition: AI SEO = optimizing content so AI can interpret and cite it easily.,"site:linkedin.com/posts ""AI SEO"" content 2025"
Connorgillivan,https://www.linkedin.com/posts/connorgillivan_10-seo-ai-tools-you-must-try-out-in-2025-activity-7314994708772974592-e3Mu,10 SEO + AI Tools You MUST Try Out in 2025,"10 SEO + AI Tools You MUST Try Out in 2025: AI SEO tools are dominating the market. As an SEO nerd, I've been testing all of them.","site:linkedin.com/posts ""AI SEO"" content 2025"
Andrew Yan,https://www.linkedin.com/posts/andrew-yan-200_seo-life-in-2025-the-bad-news-a-activity-7381314735104937984-TSlH,How AI is changing SEO in 2025: Trends and Opportunities,Kristiina Jaanus. SEO Specialist + Content Writer & Strategist | Optimising content for Google search and AI-powered results ... AI #SEO # ...,"site:linkedin.com/posts ""AI SEO"" content 2025"
Luca Tagliaferro 509b709,https://www.linkedin.com/posts/luca-tagliaferro-509b709_seo-basics-that-still-work-in-2025-despite-activity-7338913067046522880-CfSX,"SEO basics that still work in 2025, despite the AI changes.","Make your content visible in AI Search. With the Semrush AI SEO Toolkit https://lnkd.in/eywjmKct It helps you track how ChatGPT, Gemini, and ...","site:linkedin.com/posts ""AI SEO"" content 2025"
Mattdiggityseo,https://www.linkedin.com/posts/mattdiggityseo_the-biggest-seo-lie-of-2025-ai-content-activity-7323282594161164288-jNat,Matt Diggity - The biggest SEO lie of 2025?,"The biggest SEO lie of 2025? ""AI content can't rank anymore ... Generate SEO-style articlesNo live data or algorithm awarenessOnline AI SEO ...","site:linkedin.com/posts ""AI SEO"" content 2025"
How To Ai,https://www.linkedin.com/posts/how-to-ai-guide_seo-isnt-dead-but-the-rules-have-changed-activity-7350494296485036033-acOD,SEO in 2025: Traditional vs AI Techniques,AI SEO: - Map out all related sub-questions. - Create a snippet with a concise answer. - Use schema for better visibility. - Add trust signals like expert ...,"site:linkedin.com/posts ""AI SEO"" content 2025"
Sunny Grewal,https://www.linkedin.com/posts/sunny-grewal_seo-in-2025-vs-2026-i-knew-the-rules-activity-7404376903547285504-0Dro,SEO in 2025 vs 2026. | Sunny Grewal,... AI SEO tips. P.S. I run a newsletter for my 40k+ family (join now) ... How to Create High-Impact SEO Content in 2025 · How AI Will ...,"site:linkedin.com/posts ""AI SEO"" content 2025"
Kavinudesignagency,https://www.linkedin.com/posts/kavinudesignagency_why-ai-overviews-matter-to-your-seo-strategy-activity-7358474431033208832-tfjV,How to Optimize for AI Overviews in SEO 2025,... content Read the full article: https://buff.ly/nMuBpEf #AI #SEO #DigitalMarketing #SearchStrategy #ByerCo. No alternative text description ...,"site:linkedin.com/posts ""AI SEO"" content 2025"
Adam1heitzman,https://www.linkedin.com/posts/adam1heitzman_the-truth-about-ai-search-and-seo-in-2025-activity-7287845952390873088-cAPN,The truth about AI search and SEO in 2025: | Adam Heitzman,"Useful? Follow for more AI SEO content → George PS. Do you see AI as a threat to SEO, or as a tool to make it stronger?","site:linkedin.com/posts ""AI SEO"" content 2025"
Optimizely,https://www.linkedin.com/posts/optimizely_ai-just-blew-up-your-content-ops-now-what-activity-7429555741650268161-Ks2h,AI Revolutionizes Content Ops: Learn from Optimizely's ...,"AI just blew up your content ops. Now what? On February 19, we're breaking down the new model for content operations in the age of AI.","site:linkedin.com/posts ""content ops"" AI"
John Ashton,https://www.linkedin.com/posts/john-ashton-5731447_workflow-automation-practical-steps-for-activity-7424413089930039296-lBr1,"Maximizing AI in Content Ops: Focus on Processes, Not ...","Maximizing AI in Content Ops: Focus on Processes, Not Platforms. View ... Our expert guide on the Narrato AI Content Automation Platform shows how ...","site:linkedin.com/posts ""content ops"" AI"
Smartcatai,https://www.linkedin.com/posts/smartcatai_speed-governance-people-readiness-360-activity-7423092660082659329-vlvX,AI-Enabled Content Ops: Speed Without Sacrificing Clarity,AI-Enabled Content Ops: Speed Without Sacrificing Clarity. View ... Most AI brand failures aren't really AI failures. They're strategy ...,"site:linkedin.com/posts ""content ops"" AI"
Creativebitsai,https://www.linkedin.com/posts/creativebitsai_pdpbitsai-productcontentai-enterpriseai-activity-7431669163749871617-oohv,Boost Product Content Ops with AI-Powered Efficiency,"Boost Product Content Ops with AI-Powered Efficiency. View organization page for Creative Bits AI. Creative Bits AI. 1,307 followers. 2mo.","site:linkedin.com/posts ""content ops"" AI"
Keithwcordeiro,https://www.linkedin.com/posts/keithwcordeiro_creativeops-contentoperations-contentlifecyclemanagement-activity-7328021664695205889-19cp,AI isn't the problem. | Keith Cordeiro,AI isn't the problem. It's the accelerator. If your content ops are sloppy—AI will multiply the mess. Off-brand copy?,"site:linkedin.com/posts ""content ops"" AI"
Sarahokeefe,https://www.linkedin.com/posts/sarahokeefe_who-controls-your-content-ai-and-content-activity-7445094181741461504-qUJh,Patrick Bosek on AI's role in Content Ops | Sarah O'Keefe ...,"Patrick Bosek of Heretto on our Content Ops podcast last week: ""So if [a task] is something that is well done in a deterministic way.","site:linkedin.com/posts ""content ops"" AI"
Yuliia Shvetsova,https://www.linkedin.com/posts/yuliia-shvetsova_the-secret-to-scaling-content-production-activity-7386690379372335104-lJd1,Yuliia Shvetsova's Post,Companies spending millions on AI tools while ignoring content ops are missing the point. I see this pattern everywhere in DXP ...,"site:linkedin.com/posts ""content ops"" AI"
Divyang Bhargava,https://www.linkedin.com/posts/divyang-bhargava_ai-socialmedia-contentcreation-activity-7356908188098605057-vFaB,AI content creation is not going to last long.,... AI & Content Ops Specialist. 10mo. Report this comment; Close menu. It's ... AI Mode is the easiest AI to influence... and this is one of ...,"site:linkedin.com/posts ""content ops"" AI"
Optimizely,https://www.linkedin.com/posts/optimizely_ai-just-blew-up-your-content-ops-but-there-activity-7439358658460901376-epzG,Maximize Content Ops with AI on March 26,"AI just blew up your content ops. But there's no need to panic. Because on March 26, we're sharing how we're turning AI chaos into content ...","site:linkedin.com/posts ""content ops"" AI"
Anthonyrcarlton,https://www.linkedin.com/posts/anthonyrcarlton_hard-truth-ai-content-will-expose-99-of-activity-7341441028500959233-_H4V,How AI and ideas can make you stand out,Want the exact Notion + AI doc I use to help founders set this up from scratch?. Comment CONTENT OPS and I'll send it over. P.S. ...,"site:linkedin.com/posts ""content ops"" AI"
