author,appearances,sample
Optimizely,2,AI Revolutionizes Content Ops: Learn from Optimizely's ... | Maximize Content Ops with AI on March 26
Moz,2,Combat Generic AI Content with SEO-Driven Briefs | Introducing Moz Pro AI Content Brief: Boost Your Writing with ...
Mattdiggityseo,2,Matt Diggity - How to rank with AI content in 2025 | Matt Diggity - The biggest SEO lie of 2025?
Anthonyrcarlton,1,How AI and ideas can make you stand out
Adam1heitzman,1,The truth about AI search and SEO in 2025: | Adam Heitzman
Anatolii Ulitovskyi,1,SEO tools launched own content editors. | Anatolii Ulitovskyi
Andrew Yan,1,How AI is changing SEO in 2025: Trends and Opportunities
Creativebitsai,1,Boost Product Content Ops with AI-Powered Efficiency
Divyang Bhargava,1,AI content creation is not going to last long.
Edward Ntitima,1,How to use AI for SEO content without losing creativity
Heatherphysioc,1,How AI is transforming search and SEO in 2025
How To Ai,1,SEO in 2025: Traditional vs AI Techniques
Ari Auerbach,1,How GEO and AEO are changing SEO for marketers
Billgaule,1,How I speed up research time in SEO | Bill Gaule
Connorgillivan,1,10 SEO + AI Tools You MUST Try Out in 2025
John Ashton,1,"Maximizing AI in Content Ops: Focus on Processes, Not ..."
Jenrobson,1,AI-assisted content workflow boosts productivity and quality
Ipanic,1,Ivica Panic - Building an AI Content Workflow
Jokaminsky,1,Jo Kaminska's Post
Kavinudesignagency,1,How to Optimize for AI Overviews in SEO 2025
Keithwcordeiro,1,AI isn't the problem. | Keith Cordeiro
Kai Cromwell,1,We use AI to create content. | Kai Cromwell (eCommerce ...
Juliangoldieseo,1,AI SEO Hacks: NotebookLM & Gemini for Better Rankings
Leadsagna,1,Structured AI Content Workflow for Consistent Rankings
Landwehr,1,How To Win In Generative Engine Optimization (GEO)
Lmckenzie16,1,Why SEO should not become GEO
Luca Tagliaferro 509b709,1,"SEO basics that still work in 2025, despite the AI changes."
Marktraphagen,1,How to Transition to Generative Engine Optimization (GEO)
Markseo,1,Beware of AI SEO strategies that sound too good to be true.
Mediajct,1,AI Content Workflow: Research to Optimization
Kashmala Malik,1,The Ultimate AI SEO Stack (2025 Edition) | Kashmala M.
Mitamandawker,1,How AI search is changing lead generation
Nickfromseattle,1,How to Optimize for GEO: 20 Tips for AI-Ready Content
Noel Ceta,1,AI Content Workflow for Top 3 Rankings on SEO Sites
Olafkopp,1,🔥✌️My understanding of Generative Engine Optimization ...
Patilinet,1,GEO: Generative Engine Optimization | Sorin Patilinet 📙
Pranay Mishra Rankfast,1,Pranay Mishra's Post - Unsolicited SEO tip
Samanyougarg,1,AI Visibility Platform | Samanyou Garg posted on the topic
Sarahokeefe,1,Patrick Bosek on AI's role in Content Ops | Sarah O'Keefe ...
Smartcatai,1,AI-Enabled Content Ops: Speed Without Sacrificing Clarity
Sunny Grewal,1,SEO in 2025 vs 2026. | Sunny Grewal
Tarasundaram,1,Free AI Content Brief Generator for Fast SEO-Ready Outlines
Travistallent,1,Avoid Duplicate AI Projects in Large Companies
Trishlennonnicolas,1,"GEO rises, SEO falls as earned media gains credibility"
V1mattball,1,Stop SEO Industry's Misuse of 'GEO' for Generative Engine ...
Vinay Kumar Seo,1,Vinay Kumar - AI content can rank your site #1!
Yuliia Shvetsova,1,Yuliia Shvetsova's Post
